"","plot","mean.height","height.2","mean.height.var","mean.height.rms","transect.length","mode.el","max.el","mode.2","max.can.ht","mean.max.ht","mean.vai","mean.peak.vai","deep.gaps","deep.gap.fraction","porosity","std.std","mean.std","rugosity","top.rugosity","plot","mean.return.ht","sd.return.ht","sky.fraction","cover.fraction","max.ht","scan.density","rumple","clumping.index","enl"
"1","2019_forte_C02E_EW.CSV",9.5521464661831,5.96838633925225,35.6216354945729,11.2238405511938,40,9.725,6.95235732656203,7.83479255366563,48.05,18.3718,5.93548565261436,3.01630969129838,0,0,0.847448979591837,793.298884438787,18.4959974199535,21.2413974088303,9.78048493423092,"2019_forte_C02E_EW.CSV",7.12759990613923,6.05922710535115,9.85103208710949,90.1489679128905,48.05,2245.575,8.05,0.83197137535074,18.6914070666945
