"","plot","mean.height","height.2","mean.height.var","mean.height.rms","transect.length","mode.el","max.el","mode.2","max.can.ht","mean.max.ht","mean.vai","mean.peak.vai","deep.gaps","deep.gap.fraction","porosity","std.std","mean.std","rugosity","top.rugosity","plot","mean.return.ht","sd.return.ht","sky.fraction","cover.fraction","max.ht","scan.density","rumple","clumping.index","enl"
"1","2019_forte_C01W_NS.CSV",8.00040459642032,4.30311067792838,18.5167615065012,9.05871492957263,40,7.7,6.60028221148963,5.64868943275273,21.017,13.057875,5.68005102265923,3.18767083337716,0,0,0.710227272727273,261.415046701637,9.9860969391381,12.7158528862115,4.92472694121337,"2019_forte_C01W_NS.CSV",5.48922332870231,4.46362410503731,14.0201983076191,85.9798016923809,21.492,2992.95,4.375,0.882438651911731,15.2748414376321
