"","plot","mean.height","height.2","mean.height.var","mean.height.rms","transect.length","mode.el","max.el","mode.2","max.can.ht","mean.max.ht","mean.vai","mean.peak.vai","deep.gaps","deep.gap.fraction","porosity","std.std","mean.std","rugosity","top.rugosity","plot","mean.return.ht","sd.return.ht","sky.fraction","cover.fraction","max.ht","scan.density","rumple","clumping.index","enl"
"1","2019_forte_C02E_NS.CSV",10.8649201087229,5.0460537924983,25.4626588767865,11.9529319153837,40,10.375,7.89767203337323,7.30888991536141,27.151,18.97185,6.19625606070362,2.95732572805225,0,0,0.700892857142857,1021.35227768808,23.7096563796731,21.4290567231949,5.81147781880492,"2019_forte_C02E_NS.CSV",8.96468714744774,6.31063550541406,8.05271014567355,91.9472898543265,27.151,2428.5,5.775,0.93388108678719,22.1133004926108
