"","plot","mean.height","height.2","mean.height.var","mean.height.rms","transect.length","mode.el","max.el","mode.2","max.can.ht","mean.max.ht","mean.vai","mean.peak.vai","deep.gaps","deep.gap.fraction","porosity","std.std","mean.std","rugosity","top.rugosity","plot","mean.return.ht","sd.return.ht","sky.fraction","cover.fraction","max.ht","scan.density","rumple","clumping.index","enl"
"1","2019_forte_C01W_EW.CSV",9.52280429063299,4.28783468974323,18.3855263265654,10.4215972732638,40,9.3,8,5.47347918229113,109.05,16.86605,6.26901284661611,3.6506778097909,1,0.025,0.943863636363636,203.961423665648,10.8210880563057,9.320165070605,16.9049503490879,"2019_forte_C01W_EW.CSV",7.48151128758601,4.91169846415647,8.74370994795923,91.2562900520408,109.05,2325.225,11.45,0.836570175260004,18.2279653420974
