"","plot","mean.height","height.2","mean.height.var","mean.height.rms","transect.length","mode.el","max.el","mode.2","max.can.ht","mean.max.ht","mean.vai","mean.peak.vai","deep.gaps","deep.gap.fraction","porosity","std.std","mean.std","rugosity","top.rugosity","plot","mean.return.ht","sd.return.ht","sky.fraction","cover.fraction","max.ht","scan.density","rumple","clumping.index","enl"
<<<<<<< HEAD
"1","2019_forte_D01E_NS.CSV",11.7275593130435,2.12610340083595,4.52031567104618,11.9139815015898,40,12.3,6.18401416232888,3.51699172151866,90.1,16.770625,6.69852995779904,3.27774108008828,0,0,0.926923076923077,151.540262869088,8.84904755911062,8.55772283762954,12.1862801031818,"2019_forte_D01E_NS.CSV",8.87659115487047,3.36189436727228,5.1975211037719,94.8024788962281,90.1,1960.675,6.85,0.779012931628975,15.3483731019523
=======
"1","2019_forte_D01E_NS.CSV",11.6853816024435,2.1173614395249,4.48321946558695,11.8709427668434,40,12.45,6.12881758107988,3.45632085405187,90.05,16.720625,6.69852995779904,3.30058709974375,0,0,0.926098901098901,148.191751575297,8.74689562746955,8.46661493499325,12.1862801031818,"2019_forte_D01E_NS.CSV",8.82659115487047,3.36189436727228,5.1975211037719,94.8024788962281,90.05,1960.675,6.9,0.772087805838508,15.1732019291256
>>>>>>> 008fafd7570f4d03bc81e39fa9df4a92a032c475
