"","plot","mean.height","height.2","mean.height.var","mean.height.rms","transect.length","mode.el","max.el","mode.2","max.can.ht","mean.max.ht","mean.vai","mean.peak.vai","deep.gaps","deep.gap.fraction","porosity","std.std","mean.std","rugosity","top.rugosity","plot","mean.return.ht","sd.return.ht","sky.fraction","cover.fraction","max.ht","scan.density","rumple","clumping.index","enl"
<<<<<<< HEAD
"1","2019_forte_D03E_NS.CSV",11.9421006152683,4.18164674923508,17.4861695353883,12.6357739138604,40,11.075,6.67338147043058,5.5718500357164,82.1,20.083075,4.76862851420982,2.39083887252921,0,0,0.91355421686747,6952.13292125341,29.0056353340161,78.1716447321117,14.4625815555398,"2019_forte_D03E_NS.CSV",10.3172326342327,5.79037716238167,24.2411107348459,75.7588892651541,82.1,1845.75,9.325,0.804785242176224,17.840372536279
=======
"1","2019_forte_D03E_NS.CSV",11.8902357088127,4.17772287385316,17.4533684107159,12.5854971857124,40,11.05,6.15722664867608,5.59738950143451,82.05,20.033075,4.76862851420982,2.33793495226465,0,0,0.912650602409639,6977.87494792752,29.0038961615964,78.3367663066,14.4625815555398,"2019_forte_D03E_NS.CSV",10.2672326342327,5.79037716238167,24.2411107348459,75.7588892651541,82.05,1845.75,9.275,0.803165825299067,17.8936170212766
>>>>>>> 008fafd7570f4d03bc81e39fa9df4a92a032c475
