"","plot","mean.height","height.2","mean.height.var","mean.height.rms","transect.length","mode.el","max.el","mode.2","max.can.ht","mean.max.ht","mean.vai","mean.peak.vai","deep.gaps","deep.gap.fraction","porosity","std.std","mean.std","rugosity","top.rugosity","plot","mean.return.ht","sd.return.ht","sky.fraction","cover.fraction","max.ht","scan.density","rumple","clumping.index","enl"
<<<<<<< HEAD
"1","2019_forte_C02E_NS.CSV",10.8649201087229,5.0460537924983,25.4626588767865,11.9529319153837,40,10.375,7.89767203337323,7.30888991536141,27.151,18.97185,6.19625606070362,2.95732572805225,0,0,0.700892857142857,1021.35227768808,23.7096563796731,21.4290567231949,5.81147781880492,"2019_forte_C02E_NS.CSV",8.96468714744774,6.31063550541406,8.05271014567355,91.9472898543265,27.151,2428.5,5.775,0.93388108678719,22.1133004926108
=======
"1","2019_forte_C02E_NS.CSV",10.8170337846871,5.04907055195283,25.4931134385972,11.9106677185494,40,10.325,7.88754681281763,7.42272152729677,27.101,18.92185,6.19625606070362,2.94785527976766,0,0,0.696428571428571,1023.295371427,23.7555071367832,21.4236143566217,5.81147781880492,"2019_forte_C02E_NS.CSV",8.91468714744774,6.31063550541406,8.05271014567355,91.9472898543265,27.101,2428.5,5.775,0.932917540860052,22.1455938697318
>>>>>>> 008fafd7570f4d03bc81e39fa9df4a92a032c475
