"","plot","mean.height","height.2","mean.height.var","mean.height.rms","transect.length","mode.el","max.el","mode.2","max.can.ht","mean.max.ht","mean.vai","mean.peak.vai","deep.gaps","deep.gap.fraction","porosity","std.std","mean.std","rugosity","top.rugosity","plot","mean.return.ht","sd.return.ht","sky.fraction","cover.fraction","max.ht","scan.density","rumple","clumping.index","enl"
"1","2019_forte_D01E_NS.CSV",11.7275593130435,2.12610340083595,4.52031567104618,11.9139815015898,40,12.3,6.18401416232888,3.51699172151866,90.1,16.770625,6.69852995779904,3.27774108008828,0,0,0.926923076923077,151.540262869088,8.84904755911062,8.55772283762954,12.1862801031818,"2019_forte_D01E_NS.CSV",8.87659115487047,3.36189436727228,5.1975211037719,94.8024788962281,90.1,1960.675,6.85,0.779012931628975,15.3483731019523
