"","plot","mean.height","height.2","mean.height.var","mean.height.rms","transect.length","mode.el","max.el","mode.2","max.can.ht","mean.max.ht","mean.vai","mean.peak.vai","deep.gaps","deep.gap.fraction","porosity","std.std","mean.std","rugosity","top.rugosity","plot","mean.return.ht","sd.return.ht","sky.fraction","cover.fraction","max.ht","scan.density","rumple","clumping.index","enl"
"1","2019_forte_C02W_EW.CSV",11.7059678862098,7.00082908744545,49.0116079116222,13.5947049201815,40,10.925,7.24380386719108,8.0968100714623,60.1,19.298925,6.42325952620401,3.26975554736384,0,0,0.869262295081967,753.739166869371,17.8547640543891,20.8553726274902,10.6638320585856,"2019_forte_C02W_EW.CSV",8.90945745137607,7.37434402369082,4.95312133361899,95.046878666381,60.1,2450.6,8.125,0.862768990338736,23.0072349084332
