"","plot","mean.height","height.2","mean.height.var","mean.height.rms","transect.length","mode.el","max.el","mode.2","max.can.ht","mean.max.ht","mean.vai","mean.peak.vai","deep.gaps","deep.gap.fraction","porosity","std.std","mean.std","rugosity","top.rugosity","plot","mean.return.ht","sd.return.ht","sky.fraction","cover.fraction","max.ht","scan.density","rumple","clumping.index","enl"
<<<<<<< HEAD
"1","2019_forte_C03E_EW.CSV",7.2860007296831,3.43549818952991,11.8026478102633,8.03700119745849,40,5.025,6.28283782837468,3.93203477043342,14325.1,373.17995,5.73266519852435,2.52662391743259,0,0,0.999364791288566,262067108.095187,2573.32444432761,15982.6502620627,2262.56229329367,"2019_forte_C03E_EW.CSV",6.0906592210164,49.2140596450062,7.7259616942671,92.2740383057329,14325.1,2314.4,720.225,0.681995461841753,17.9048648648649
=======
"1","2019_forte_C03E_EW.CSV",7.05982560670402,3.12911531987966,9.79136268510558,7.70634259652734,40,5.075,6.35370848558538,3.98965007141074,23.659,15.522625,5.73274624413415,2.54266132659199,0,0,0.636,483.042996149793,15.0299085503423,16.0357365006457,5.336783078316,"2019_forte_C03E_EW.CSV",5.87302465522489,4.65133370887249,7.72604515501782,92.2739548449822,23.659,2314.375,5.025,0.843055157756432,17.8758769562871
>>>>>>> 008fafd7570f4d03bc81e39fa9df4a92a032c475
