"","plot","mean.height","height.2","mean.height.var","mean.height.rms","transect.length","mode.el","max.el","mode.2","max.can.ht","mean.max.ht","mean.vai","mean.peak.vai","deep.gaps","deep.gap.fraction","porosity","std.std","mean.std","rugosity","top.rugosity","plot","mean.return.ht","sd.return.ht","sky.fraction","cover.fraction","max.ht","scan.density","rumple","clumping.index","enl"
"1","2019_forte_C01E_EW.CSV",9.74852830410057,4.87251162127625,23.7413694994721,10.8711379053821,40,10.175,7.00214131969777,6.43263912821527,22.558,14.692275,5.98008582606244,2.95454925976362,2,0.05,0.695833333333333,264.0215009924,11.8978762465257,11.0662569017153,5.79051264719348,"2019_forte_C01E_EW.CSV",7.10491263193947,4.10082271111635,18.7103469222462,81.2896530777538,22.558,2963.325,6.2,0.929998461053882,18.6491688538933
