"","plot","mean.height","height.2","mean.height.var","mean.height.rms","transect.length","mode.el","max.el","mode.2","max.can.ht","mean.max.ht","mean.vai","mean.peak.vai","deep.gaps","deep.gap.fraction","porosity","std.std","mean.std","rugosity","top.rugosity","plot","mean.return.ht","sd.return.ht","sky.fraction","cover.fraction","max.ht","scan.density","rumple","clumping.index","enl"
"1","2019_forte_C02E_EW.CSV",9.61514523850088,5.96704639051146,35.6056426265159,11.2768133583171,40,9.825,6.99690644322249,7.82791683982923,48.1,18.4218,5.93548565261436,2.99412791870698,0,0,0.847959183673469,795.253025315736,18.5262917924924,21.2609862832175,9.78048493423092,"2019_forte_C02E_EW.CSV",7.17759990613924,6.05922710535115,9.85103208710949,90.1489679128905,48.1,2245.575,8,0.831632502896983,18.6328157784306
