"","plot","mean.height","height.2","mean.height.var","mean.height.rms","transect.length","mode.el","max.el","mode.2","max.can.ht","mean.max.ht","mean.vai","mean.peak.vai","deep.gaps","deep.gap.fraction","porosity","std.std","mean.std","rugosity","top.rugosity","plot","mean.return.ht","sd.return.ht","sky.fraction","cover.fraction","max.ht","scan.density","rumple","clumping.index","enl"
"1","2019_forte_C02W_NS.CSV",12.7632208734631,6.74605487485794,45.5092563745946,14.3573535381932,20,12.35,5.46941872541316,8.35574180145794,28.451,18.64685,6.39925015534623,2.9492396360744,0,0,0.698275862068966,715.752449689428,15.9818492030208,21.4553710231572,8.85120861372526,"2019_forte_C02W_NS.CSV",11.8454244364843,7.62445136398168,11.3148378925004,88.6851621074996,28.451,4895.05,5.2,0.895550077378998,20.9904043865661
