"","plot","mean.height","height.2","mean.height.var","mean.height.rms","transect.length","mode.el","max.el","mode.2","max.can.ht","mean.max.ht","mean.vai","mean.peak.vai","deep.gaps","deep.gap.fraction","porosity","std.std","mean.std","rugosity","top.rugosity","plot","mean.return.ht","sd.return.ht","sky.fraction","cover.fraction","max.ht","scan.density","rumple","clumping.index","enl"
"1","2019_forte_C04E_EW.CSV",9.96668452828754,3.99729422221103,15.9783610989216,10.719780900646,40,8.7,5.55050913731862,5.11508578267291,130.1,20.860675,4.47731818248,2.22284437928148,1,0.025,0.937786259541985,252.549968536905,12.1127374691681,10.2874466968201,20.5214113829453,"2019_forte_C04E_EW.CSV",8.11522880869815,4.79681634811258,24.3032803063198,75.6967196936802,130.1,2533.425,11.55,0.774020104183688,18.8299078667612
