"","plot","mean.height","height.2","mean.height.var","mean.height.rms","transect.length","mode.el","max.el","mode.2","max.can.ht","mean.max.ht","mean.vai","mean.peak.vai","deep.gaps","deep.gap.fraction","porosity","std.std","mean.std","rugosity","top.rugosity","plot","mean.return.ht","sd.return.ht","sky.fraction","cover.fraction","max.ht","scan.density","rumple","clumping.index","enl"
"1","2019_forte_C03W_NS.CSV",8.03531101323961,3.05250956699009,9.31781465656601,8.57749636631636,30,7.1,5.98832443855984,4.64126914866449,23.355,18.4944666666667,5.95567116231487,2.97961773253155,0,0,0.597222222222222,346.023595719839,14.801620050939,11.266571776165,5.0794659964602,"2019_forte_C03W_NS.CSV",7.04426960640483,4.38177349903093,6.367251890421,93.632748109579,23.355,2548.06666666667,6.03333333333333,0.944346597667954,21.0882647943831
