"","plot","mean.height","height.2","mean.height.var","mean.height.rms","transect.length","mode.el","max.el","mode.2","max.can.ht","mean.max.ht","mean.vai","mean.peak.vai","deep.gaps","deep.gap.fraction","porosity","std.std","mean.std","rugosity","top.rugosity","plot","mean.return.ht","sd.return.ht","sky.fraction","cover.fraction","max.ht","scan.density","rumple","clumping.index","enl"
"1","2019_forte_C04E_NS.CSV",8.49974952696235,3.67859092079467,13.532031162553,9.24334746748091,40,7.875,7.69840667905147,4.47321085850146,69.1,13.78305,6.06716371877332,3.21252275287907,0,0,0.914285714285714,281.173054927905,10.3640573698604,13.1817817370091,10.3491178664087,"2019_forte_C04E_NS.CSV",6.29990527496485,4.36805895856141,16.1669271316187,83.8330728683813,69.1,1887.775,7.4,0.851495648793117,17.9327521793275
