"","plot","mean.height","height.2","mean.height.var","mean.height.rms","transect.length","mode.el","max.el","mode.2","max.can.ht","mean.max.ht","mean.vai","mean.peak.vai","deep.gaps","deep.gap.fraction","porosity","std.std","mean.std","rugosity","top.rugosity","plot","mean.return.ht","sd.return.ht","sky.fraction","cover.fraction","max.ht","scan.density","rumple","clumping.index","enl"
"1","2019_forte_C03E_NS.CSV",8.27637170632072,4.20202269756437,17.6569947508462,9.18638252507197,10,5.9,4.02191415893138,4.38304815295373,21.081,18.5917,4.4898907481089,2.09718171966261,0,0,0.572727272727273,425.963622177652,16.2204145187317,12.7617308786139,2.49588755311167,"2019_forte_C03E_NS.CSV",9.20215923677969,6.68251315545054,31.9025108677578,68.0974891322422,21.081,4209.9,3.2,0.864427761342385,17.531746031746
