"","plot","mean.height","height.2","mean.height.var","mean.height.rms","transect.length","mode.el","max.el","mode.2","max.can.ht","mean.max.ht","mean.vai","mean.peak.vai","deep.gaps","deep.gap.fraction","porosity","std.std","mean.std","rugosity","top.rugosity","plot","mean.return.ht","sd.return.ht","sky.fraction","cover.fraction","max.ht","scan.density","rumple","clumping.index","enl"
"1","defcan_70_80w_post1.CSV",9.42161307925469,4.28369183860182,18.3500157681038,10.260692335631,10,9.4,4.0936249661329,5.62138772902208,17.983,12.6742,3.16968238439726,1.43694523616434,1,0.1,0.710526315789474,221.330310710609,11.1704511050299,9.82605377660556,5.56496440639511,"defcan_70_80w_post1.CSV",8.02126229132006,4.47076457394738,33.6240051787822,66.3759948212178,17.983,2626.3,5.6,0.899737877522845,13.5650224215247
