"","plot","mean.height","height.2","mean.height.var","mean.height.rms","transect.length","mode.el","max.el","mode.2","max.can.ht","mean.max.ht","mean.vai","mean.peak.vai","deep.gaps","deep.gap.fraction","porosity","std.std","mean.std","rugosity","top.rugosity","plot","mean.return.ht","sd.return.ht","sky.fraction","cover.fraction","max.ht","scan.density","rumple","clumping.index","enl"
"1","defcan_70_80w_post3.CSV",10.0242647752991,5.63840844708961,31.7916498162115,11.362146325404,10,9.7,6.60146645749475,7.51369120709359,82.05,22.6524,7.04505026334205,3.68121019909202,0,0,0.893975903614458,18510.5368057855,59.5798845488667,122.314243499803,21.2335483830031,"defcan_70_80w_post3.CSV",5.95647435201185,4.76651490762286,5.13769201948295,94.862307980517,82.05,2135.4,15.9,0.697232937681261,16.337552742616
