"","plot","mean.height","height.2","mean.height.var","mean.height.rms","transect.length","mode.el","max.el","mode.2","max.can.ht","mean.max.ht","mean.vai","mean.peak.vai","deep.gaps","deep.gap.fraction","porosity","std.std","mean.std","rugosity","top.rugosity","plot","mean.return.ht","sd.return.ht","sky.fraction","cover.fraction","max.ht","scan.density","rumple","clumping.index","enl"
<<<<<<< HEAD
"1","forte_2019_A02W_W.CSV",12.313954206573,8.5735191095477,73.5052299217796,14.8816476449104,20,10.9,8,9.84030380361137,80.1,20.8018,5.33164821861844,2.71826962776882,0,0,0.917283950617284,10731.3361690726,51.7997681368042,89.7113158416813,17.4567709759068,"forte_2019_A02W_W.CSV",7.81482726332263,7.82909467461836,16.9204663155343,83.0795336844657,80.1,2269,11.45,0.813979357768029,19.3909287257019
=======
"1","forte_2019_A02W_W.CSV",12.2637829516738,8.55014363264146,73.1049561387993,14.8273423315719,20,10.9,7.99618881530453,9.84030380361137,80.05,20.7518,5.33164821861844,2.79425366854608,0,0,0.914814814814815,10806.3836940599,52.0833143212357,89.965060236601,17.4567709759068,"forte_2019_A02W_W.CSV",7.76482726332264,7.82909467461836,16.9204663155343,83.0795336844657,80.05,2269,11.45,0.820232340842324,19.4326530612245
>>>>>>> 008fafd7570f4d03bc81e39fa9df4a92a032c475
