"","plot","mean.height","height.2","mean.height.var","mean.height.rms","transect.length","mode.el","max.el","mode.2","max.can.ht","mean.max.ht","mean.vai","mean.peak.vai","deep.gaps","deep.gap.fraction","porosity","std.std","mean.std","rugosity","top.rugosity","plot","mean.return.ht","sd.return.ht","sky.fraction","cover.fraction","max.ht","scan.density","rumple","clumping.index","enl"
"1","forte2019_d02e_EW.CSV",7.76312086509793,4.08224557288963,16.664728917377,8.74723706438561,40,7.45,6.88762094637434,5.06344364424662,41.1,14.748175,5.04784112682176,2.55593416560318,2,0.05,0.823214285714286,118.386542949295,7.6017651611884,7.78458151626901,6.76903230931033,"forte2019_d02e_EW.CSV",6.3862397292853,3.5945428431696,21.681886880814,78.318113119186,41.1,2348.975,5.8,0.824206468410253,17.0320525197915
