"","plot","mean.height","height.2","mean.height.var","mean.height.rms","transect.length","mode.el","max.el","mode.2","max.can.ht","mean.max.ht","mean.vai","mean.peak.vai","deep.gaps","deep.gap.fraction","porosity","std.std","mean.std","rugosity","top.rugosity","plot","mean.return.ht","sd.return.ht","sky.fraction","cover.fraction","max.ht","scan.density","rumple","clumping.index","enl"
"1","forte2019_d02w_NS.CSV",9.83532488883547,4.73391228511406,22.4099255231538,10.889595633173,40,8.15,7.08656027338121,6.06186059276802,39.1,19.2716,3.37613578441685,1.54968764054526,0,0,0.75375,498.749696841705,18.4080441905448,12.644904346046,4.68475647945492,"forte2019_d02w_NS.CSV",8.54805239505128,6.15938473284273,27.655912333378,72.344087666622,39.1,2614.575,4.425,0.789539537864491,19.2076218757733
