"","plot","mean.height","height.2","mean.height.var","mean.height.rms","transect.length","mode.el","max.el","mode.2","max.can.ht","mean.max.ht","mean.vai","mean.peak.vai","deep.gaps","deep.gap.fraction","porosity","std.std","mean.std","rugosity","top.rugosity","plot","mean.return.ht","sd.return.ht","sky.fraction","cover.fraction","max.ht","scan.density","rumple","clumping.index","enl"
"1","forte_2019_A03W_NS.CSV",11.6427050155932,5.66273876024739,32.0666102668082,12.9157858874424,40,10.95,6.32232940801415,7.02358663581288,28.558,19.714375,6.3109964072579,2.94145522766602,0,0,0.686666666666667,1229.53000959777,25.1556057589275,24.4279657052974,6.797714848643,"forte_2019_A03W_NS.CSV",8.96301391565236,7.18349637933108,8.95726229999667,91.0427377000033,28.558,2251.65,4.1,0.938642417844178,24.4426002766252
