"","plot","mean.height","height.2","mean.height.var","mean.height.rms","transect.length","mode.el","max.el","mode.2","max.can.ht","mean.max.ht","mean.vai","mean.peak.vai","deep.gaps","deep.gap.fraction","porosity","std.std","mean.std","rugosity","top.rugosity","plot","mean.return.ht","sd.return.ht","sky.fraction","cover.fraction","max.ht","scan.density","rumple","clumping.index","enl"
"1","forte_2019_A04W_NS.CSV",18.3635292205043,4.54969404287792,20.6997158837988,18.9050635655906,40,19.2,5.86828797624242,5.54330272745456,97.05,24.37955,6.80567887754284,2.88352422190642,0,0,0.908418367346939,464.306015155595,15.5155732407896,14.9523577460308,12.9389585419879,"forte_2019_A04W_NS.CSV",13.7877615782313,6.32724958358222,8.41235623232109,91.5876437676789,97.05,2006.4,8.025,0.808248481190171,22.2707793329877
