"","plot","mean.height","height.2","mean.height.var","mean.height.rms","transect.length","mode.el","max.el","mode.2","max.can.ht","mean.max.ht","mean.vai","mean.peak.vai","deep.gaps","deep.gap.fraction","porosity","std.std","mean.std","rugosity","top.rugosity","plot","mean.return.ht","sd.return.ht","sky.fraction","cover.fraction","max.ht","scan.density","rumple","clumping.index","enl"
"1","forte2019_d04w_NS.CSV",5.49003915012077,2.55394030189615,6.52261106564942,6.04152924836642,40,5.05,6.95670526647831,3.44145169130554,111.1,11.70355,5.30400759709969,2.73429211422233,2,0.05,0.952008928571429,64.7339863981659,4.24354740166468,6.83566323395111,17.7113051205821,"forte2019_d04w_NS.CSV",4.17840176748569,2.52980991627529,22.3134171093932,77.6865828906068,111.1,2254.15,10.05,0.67473467111807,10.197440988308
