"","plot","mean.height","height.2","mean.height.var","mean.height.rms","transect.length","mode.el","max.el","mode.2","max.can.ht","mean.max.ht","mean.vai","mean.peak.vai","deep.gaps","deep.gap.fraction","porosity","std.std","mean.std","rugosity","top.rugosity","plot","mean.return.ht","sd.return.ht","sky.fraction","cover.fraction","max.ht","scan.density","rumple","clumping.index","enl"
"1","forte_2019_B01E_NS.CSV",14.1942554933094,15.2253353911003,231.81083777149,20.6758906902834,40,11.375,7.99664147085727,7.02627851309566,892.05,41.38025,6.01500520891696,2.862884000169,0,0,0.99020156774916,113955407.435541,1704.07932213312,10538.0985523679,138.147066427227,"forte_2019_B01E_NS.CSV",8.61233088469521,6.67826586276722,13.3206894628214,86.6793105371786,892.05,1792.825,49.7,0.730938697624427,19.5790065905803
