"","plot","mean.height","height.2","mean.height.var","mean.height.rms","transect.length","mode.el","max.el","mode.2","max.can.ht","mean.max.ht","mean.vai","mean.peak.vai","deep.gaps","deep.gap.fraction","porosity","std.std","mean.std","rugosity","top.rugosity","plot","mean.return.ht","sd.return.ht","sky.fraction","cover.fraction","max.ht","scan.density","rumple","clumping.index","enl"
<<<<<<< HEAD
"1","forte_2019_A03W_NS.CSV",11.6427050155932,5.66273876024739,32.0666102668082,12.9157858874424,40,10.95,6.32232940801415,7.02358663581288,28.558,19.714375,6.3109964072579,2.94145522766602,0,0,0.686666666666667,1229.53000959777,25.1556057589275,24.4279657052974,6.797714848643,"forte_2019_A03W_NS.CSV",8.96301391565236,7.18349637933108,8.95726229999667,91.0427377000033,28.558,2251.65,4.1,0.938642417844178,24.4426002766252
=======
"1","forte_2019_A03W_NS.CSV",11.5994305142561,5.65885037754345,32.0225875954236,12.8751237337974,40,10.925,5.88710637424355,7.03976798860114,28.508,19.664375,6.3109964072579,2.94878693459576,0,0,0.68,1234.54823085934,25.2098354079236,24.4747304288472,6.797714848643,"forte_2019_A03W_NS.CSV",8.91301391565237,7.18349637933108,8.95726229999667,91.0427377000033,28.508,2251.65,4.15,0.932797086642291,24.2845849802372
>>>>>>> 008fafd7570f4d03bc81e39fa9df4a92a032c475
