"","plot","mean.height","height.2","mean.height.var","mean.height.rms","transect.length","mode.el","max.el","mode.2","max.can.ht","mean.max.ht","mean.vai","mean.peak.vai","deep.gaps","deep.gap.fraction","porosity","std.std","mean.std","rugosity","top.rugosity","plot","mean.return.ht","sd.return.ht","sky.fraction","cover.fraction","max.ht","scan.density","rumple","clumping.index","enl"
"1","forte_2019_A04W_NS.CSV",18.4031096939689,4.54927172060287,20.695873187877,18.9434137041461,40,19,5.9518854208322,5.54237753296802,97.1,24.42955,6.80567887754284,2.91427369867456,0,0,0.908673469387755,460.809844153102,15.4677608815917,14.8848317915589,12.9389585419879,"forte_2019_A04W_NS.CSV",13.8377615782313,6.32724958358222,8.41235623232109,91.5876437676789,97.1,2006.4,7.925,0.809333292012593,22.2506944444444
