"","plot","mean.height","height.2","mean.height.var","mean.height.rms","transect.length","mode.el","max.el","mode.2","max.can.ht","mean.max.ht","mean.vai","mean.peak.vai","deep.gaps","deep.gap.fraction","porosity","std.std","mean.std","rugosity","top.rugosity","plot","mean.return.ht","sd.return.ht","sky.fraction","cover.fraction","max.ht","scan.density","rumple","clumping.index","enl"
"1","forte_2019_A02E_NS.CSV",6.40859770662463,4.14111528929922,17.1488358392677,7.59258404914383,30,3.86666666666667,6.96434654663416,5.30928486211904,30.85,16.7994666666667,4.24564758359192,2.25947628058844,1,0.0333333333333333,0.780208333333333,3495.11173725206,40.5330453277703,43.037007025454,10.2098109332129,"forte_2019_A02E_NS.CSV",4.95994526069211,6.5759274090945,22.2415201232309,77.7584798767691,30.85,3224.43333333333,10.1666666666667,0.78460207567959,17.2805642633229
