"","plot","mean.height","height.2","mean.height.var","mean.height.rms","transect.length","mode.el","max.el","mode.2","max.can.ht","mean.max.ht","mean.vai","mean.peak.vai","deep.gaps","deep.gap.fraction","porosity","std.std","mean.std","rugosity","top.rugosity","plot","mean.return.ht","sd.return.ht","sky.fraction","cover.fraction","max.ht","scan.density","rumple","clumping.index","enl"
<<<<<<< HEAD
"1","forte_d04e_NS.CSV",7.77272804033504,2.84880509460501,8.11569046704743,8.26198938758031,30,7.16666666666667,4.04808374808313,3.31228989791294,63.1,14.6362,3.97660689827774,1.80044874082887,1,0.0333333333333333,0.902604166666667,55.709286044378,4.32647441326425,6.08201489604784,13.168112915362,"forte_d04e_NS.CSV",6.67470841140124,3.20749282899683,32.3726848731567,67.6273151268433,63.1,4945.86666666667,9.3,0.773252217324065,13.8931267381804
=======
"1","forte_d04e_NS.CSV",7.73059466025541,2.85165796072761,8.13195312498113,8.22331939194778,30,7.1,4.04808374808313,3.30464667629876,63.05,14.5878666666667,3.97660689827774,1.77991121704102,1,0.0333333333333333,0.902083333333333,56.1621546524667,4.36907892684272,6.08878509913806,13.1661995818795,"forte_d04e_NS.CSV",6.62470841140124,3.20749282899683,32.3726848731567,67.6273151268433,63.05,4945.86666666667,9.3,0.770461198623352,13.8278560250391
>>>>>>> 008fafd7570f4d03bc81e39fa9df4a92a032c475
