"","plot","mean.height","height.2","mean.height.var","mean.height.rms","transect.length","mode.el","max.el","mode.2","max.can.ht","mean.max.ht","mean.vai","mean.peak.vai","deep.gaps","deep.gap.fraction","porosity","std.std","mean.std","rugosity","top.rugosity","plot","mean.return.ht","sd.return.ht","sky.fraction","cover.fraction","max.ht","scan.density","rumple","clumping.index","enl"
"1","forte_d04w_EW.CSV",5.21881961506264,2.90723430956691,8.45201133072297,5.95032400750257,30,4.53333333333333,6.45330245349981,3.15936848047237,50.05,10.9965666666667,3.54831770924323,2.11191315221808,3,0.1,0.902614379084967,22.9557949124068,2.89528462504748,3.81747584830219,10.2811108975881,"forte_d04w_EW.CSV",4.79503086039577,2.88160681021445,35.4650227070752,64.5349772929248,50.05,4763.7,8.4,0.780952286632411,11.061783756851
