"","plot","mean.height","height.2","mean.height.var","mean.height.rms","transect.length","mode.el","max.el","mode.2","max.can.ht","mean.max.ht","mean.vai","mean.peak.vai","deep.gaps","deep.gap.fraction","porosity","std.std","mean.std","rugosity","top.rugosity","plot","mean.return.ht","sd.return.ht","sky.fraction","cover.fraction","max.ht","scan.density","rumple","clumping.index","enl"
<<<<<<< HEAD
"1","forte_2019_B04W_EW.CSV",9.06577708449389,4.9029669239187,24.0390846570408,10.2774715609604,40,8.75,7.99249918773635,7.12075334533701,94.1,20.9214,7.30036308271071,3.51916272778199,0,0,0.917631578947368,15062.765250308,48.9674339640329,112.538685176637,18.7623731916998,"forte_2019_B04W_EW.CSV",5.42679812681086,4.18232876311855,1.30870207078163,98.6912979292184,94.1,1879.85,11.875,0.779865769785972,18.9165862135547
=======
"1","forte_2019_B04W_EW.CSV",9.00711296086657,4.9033059634616,24.0424093713181,10.2259196665555,40,8.725,7.89857362824629,7.1359957887765,94.05,20.8714,7.30036308271071,3.55119370674085,0,0,0.916578947368421,15122.2721516365,49.0003418492487,112.788468605143,18.7623731916998,"forte_2019_B04W_EW.CSV",5.37679812681086,4.18232876311855,1.30870207078163,98.6912979292184,94.05,1879.85,11.925,0.775975391521971,19.0212000757146
>>>>>>> 008fafd7570f4d03bc81e39fa9df4a92a032c475
