"","plot","mean.height","height.2","mean.height.var","mean.height.rms","transect.length","mode.el","max.el","mode.2","max.can.ht","mean.max.ht","mean.vai","mean.peak.vai","deep.gaps","deep.gap.fraction","porosity","std.std","mean.std","rugosity","top.rugosity","plot","mean.return.ht","sd.return.ht","sky.fraction","cover.fraction","max.ht","scan.density","rumple","clumping.index","enl"
<<<<<<< HEAD
"1","forte_2019_B02W_NS.CSV",11.5004839094916,5.60817970765843,31.4516796333918,12.7642672251498,40,10.675,6.0929499985388,6.19506627517787,83.1,20.395275,6.98225470086348,2.99843046379481,0,0,0.888690476190476,3001.72961279651,23.6768515759148,49.4078567866348,15.360947211358,"forte_2019_B02W_NS.CSV",7.69465627123764,5.19161304272107,3.49078718830088,96.5092128116991,83.1,2058.4,8.55,0.816497242270594,23.4298157453936
=======
"1","forte_2019_B02W_NS.CSV",11.4449125387729,5.6216855717187,31.6033486672702,12.7200349044627,40,10.9,6.35215637977916,6.07137039403284,83.05,20.345275,6.98225470086348,3.04792297170495,0,0,0.888392857142857,3003.48314190449,23.6158554329422,49.4547724094941,15.360947211358,"forte_2019_B02W_NS.CSV",7.64465627123764,5.19161304272107,3.49078718830088,96.5092128116991,83.05,2058.4,8.65,0.816219413469515,23.4335944009332
>>>>>>> 008fafd7570f4d03bc81e39fa9df4a92a032c475
