"","plot","mean.height","height.2","mean.height.var","mean.height.rms","transect.length","mode.el","max.el","mode.2","max.can.ht","mean.max.ht","mean.vai","mean.peak.vai","deep.gaps","deep.gap.fraction","porosity","std.std","mean.std","rugosity","top.rugosity","plot","mean.return.ht","sd.return.ht","sky.fraction","cover.fraction","max.ht","scan.density","rumple","clumping.index","enl"
"1","forte_2019_B03W_EW.CSV",9.20242730927893,4.34419336944699,18.8720160311472,10.1453248943871,30,8.46666666666667,6.93422037724536,6.29029538988067,1258.05,61.2419333333333,5.91074624673201,2.84039114376964,0,0,0.993486894360604,37576.8660447527,68.7803402905968,181.235015475107,226.296820548913,"forte_2019_B03W_EW.CSV",6.01272357629664,7.5054447713666,10.7903866631554,89.2096133368446,1258.05,2911.36666666667,92.7666666666667,0.749572117406316,21.8785249457701
