"","plot","mean.height","height.2","mean.height.var","mean.height.rms","transect.length","mode.el","max.el","mode.2","max.can.ht","mean.max.ht","mean.vai","mean.peak.vai","deep.gaps","deep.gap.fraction","porosity","std.std","mean.std","rugosity","top.rugosity","plot","mean.return.ht","sd.return.ht","sky.fraction","cover.fraction","max.ht","scan.density","rumple","clumping.index","enl"
<<<<<<< HEAD
"1","forte_2019_B04W_NS.CSV",10.0080342278685,3.84386720565928,14.7753150947429,10.703582639638,40,9.775,5.36382873060618,5.84626771144173,82.1,19.95265,6.73407235647628,2.83103639775104,0,0,0.888855421686747,1731.17660542926,22.9507456306109,34.7050411385472,13.2194914882416,"forte_2019_B04W_NS.CSV",6.780427528628,4.76965414151166,6.93073259001038,93.0692674099896,82.1,1879.075,9.25,0.771051540936191,20.5030868845053
=======
"1","forte_2019_B04W_NS.CSV",9.9589324765241,3.84559546519752,14.7886044819478,10.6582937397064,40,9.95,5.36382873060618,5.71973641135539,82.05,19.90265,6.73407235647628,2.76962867036649,0,0,0.888253012048193,1737.87835497163,23.0008298058946,34.7683790708152,13.2194914882416,"forte_2019_B04W_NS.CSV",6.730427528628,4.76965414151166,6.93073259001038,93.0692674099896,82.05,1879.075,9.3,0.767467333780913,20.4306070951462
>>>>>>> 008fafd7570f4d03bc81e39fa9df4a92a032c475
