"","plot","mean.height","height.2","mean.height.var","mean.height.rms","transect.length","mode.el","max.el","mode.2","max.can.ht","mean.max.ht","mean.vai","mean.peak.vai","deep.gaps","deep.gap.fraction","porosity","std.std","mean.std","rugosity","top.rugosity","plot","mean.return.ht","sd.return.ht","sky.fraction","cover.fraction","max.ht","scan.density","rumple","clumping.index","enl"
"1","forte_2019_B01E_NS.CSV",14.2396283001737,15.2205255194656,231.664397088703,20.7036180724189,40,11.65,7.99664147085727,6.88569680662898,892.1,41.43025,6.01500520891696,2.84559564336889,0,0,0.990145576707727,113943473.873768,1703.98369097933,10537.5477913338,138.147066427227,"forte_2019_B01E_NS.CSV",8.66233088469521,6.67826586276722,13.3206894628214,86.6793105371786,892.1,1792.825,49.7,0.728573384507686,19.5340098303472
