"","plot","mean.height","height.2","mean.height.var","mean.height.rms","transect.length","mode.el","max.el","mode.2","max.can.ht","mean.max.ht","mean.vai","mean.peak.vai","deep.gaps","deep.gap.fraction","porosity","std.std","mean.std","rugosity","top.rugosity","plot","mean.return.ht","sd.return.ht","sky.fraction","cover.fraction","max.ht","scan.density","rumple","clumping.index","enl"
<<<<<<< HEAD
"1","forte_2019_B02E_NS.CSV",9.9615127495687,5.82387230536397,33.9174886291855,11.5022296826866,40,10.15,6.44504562959276,6.84835746730557,85.1,17.2772,6.28224845143951,3.46819793732795,0,0,0.921511627906977,10013.1013896356,33.3307277980394,94.3512796632277,13.5292959833514,"forte_2019_B02E_NS.CSV",6.56464254704583,5.66278948819196,10.1198125576022,89.8801874423978,85.1,1926.05,9.9,0.843236323345434,20.9603220241518
=======
"1","forte_2019_B02E_NS.CSV",9.91237880878922,5.83090106198756,33.9994071946876,11.4631878491,40,9.85,6.44504562959276,7.00750513414926,85.05,17.2272,6.28224845143951,3.51008208465403,0,0,0.92093023255814,10024.3880009335,33.3889763760653,94.3904881727607,13.5292959833514,"forte_2019_B02E_NS.CSV",6.51464254704582,5.66278948819196,10.1198125576022,89.8801874423978,85.05,1926.05,9.85,0.837174357754199,20.608356545961
>>>>>>> 008fafd7570f4d03bc81e39fa9df4a92a032c475
