"","plot","mean.height","height.2","mean.height.var","mean.height.rms","transect.length","mode.el","max.el","mode.2","max.can.ht","mean.max.ht","mean.vai","mean.peak.vai","deep.gaps","deep.gap.fraction","porosity","std.std","mean.std","rugosity","top.rugosity","plot","mean.return.ht","sd.return.ht","sky.fraction","cover.fraction","max.ht","scan.density","rumple","clumping.index","enl"
<<<<<<< HEAD
"1","forte_2019_B04E_EW.CSV",9.01030115738263,4.67325271848589,21.8392909708357,10.0961801375087,20,8.25,4.36603148442149,6.85853291048534,12447.1,645.9582,5.8855122599373,2.32010964723572,0,0,0.999220758354756,130155183.179618,2582.85135145447,11112.3382812038,2777.79620687733,"forte_2019_B04E_EW.CSV",6.38102511926837,52.9776891435962,9.54877790623829,90.4512220937617,12447.1,3070.7,1261.6,0.702016300734458,19.9343220338983
=======
"1","forte_2019_B04E_EW.CSV",8.96115823114959,4.66912910957363,21.8007666418678,10.050526610754,20,8.1,4.42434560577114,6.63245608234314,12447.05,645.9082,5.8855122599373,2.39293924633141,0,0,0.999220758354756,130158890.076668,2582.88001998909,11112.4984085042,2777.79620687733,"forte_2019_B04E_EW.CSV",6.33102511926837,52.9776891435962,9.54877790623829,90.4512220937617,12447.05,3070.7,1261.7,0.696705823817269,19.892177589852
>>>>>>> 008fafd7570f4d03bc81e39fa9df4a92a032c475
