"","plot","mean.height","height.2","mean.height.var","mean.height.rms","transect.length","mode.el","max.el","mode.2","max.can.ht","mean.max.ht","mean.vai","mean.peak.vai","deep.gaps","deep.gap.fraction","porosity","std.std","mean.std","rugosity","top.rugosity","plot","mean.return.ht","sd.return.ht","sky.fraction","cover.fraction","max.ht","scan.density","rumple","clumping.index","enl"
"1","forte_2019_B03W_NS.CSV",11.6391784738535,5.62223901427861,31.6095715336765,12.8851229988477,30,10.9333333333333,7.21835640354958,8.07692897140958,75.1,26.1970333333333,6.773507196519,2.86751614999219,0,0,0.877631578947368,5125.60994927476,49.3135871409437,51.9016384381776,16.2857188199235,"forte_2019_B03W_NS.CSV",5.63352404414958,5.46993516194313,10.2273491173584,89.7726508826416,75.1,2479.43333333333,15.4666666666667,0.804630265321511,23.9142857142857
