"","plot","mean.height","height.2","mean.height.var","mean.height.rms","transect.length","mode.el","max.el","mode.2","max.can.ht","mean.max.ht","mean.vai","mean.peak.vai","deep.gaps","deep.gap.fraction","porosity","std.std","mean.std","rugosity","top.rugosity","plot","mean.return.ht","sd.return.ht","sky.fraction","cover.fraction","max.ht","scan.density","rumple","clumping.index","enl"
"1","forte2019_d02e_NS.CSV",11.9226532933764,4.37430729623654,19.1345643219083,12.6809251148298,40,11.2,6.28852513298724,6.35771286081031,22.005,18.711125,5.19757005547131,2.09267731907972,0,0,0.579347826086957,505.749015545229,17.1408161535417,14.558208582642,2.82196578317496,"forte2019_d02e_NS.CSV",9.47283376685935,5.54340545674699,14.9433057800449,85.0566942199551,22.005,2440.85,2.65,0.895110467358742,18.9030670200682
