"","plot","mean.height","height.2","mean.height.var","mean.height.rms","transect.length","mode.el","max.el","mode.2","max.can.ht","mean.max.ht","mean.vai","mean.peak.vai","deep.gaps","deep.gap.fraction","porosity","std.std","mean.std","rugosity","top.rugosity","plot","mean.return.ht","sd.return.ht","sky.fraction","cover.fraction","max.ht","scan.density","rumple","clumping.index","enl"
"1","forte2019_A04E_NS.CSV",11.2296333312613,4.12767668671625,17.0377148300608,11.9404545875342,30,11.5333333333333,7.09106236752665,6.65262889874129,42.05,20.1012333333333,7.38342955028873,3.29014025866357,0,0,0.754263565891473,844.315373132365,22.5239826990992,18.3571668975102,7.60313657908563,"forte2019_A04E_NS.CSV",7.29237267838341,4.73383614400652,3.36088413011489,96.6391158698851,42.05,2129.53333333333,6.93333333333333,0.823154749764676,22.637756251408
