"","plot","mean.height","height.2","mean.height.var","mean.height.rms","transect.length","mode.el","max.el","mode.2","max.can.ht","mean.max.ht","mean.vai","mean.peak.vai","deep.gaps","deep.gap.fraction","porosity","std.std","mean.std","rugosity","top.rugosity","plot","mean.return.ht","sd.return.ht","sky.fraction","cover.fraction","max.ht","scan.density","rumple","clumping.index","enl"
<<<<<<< HEAD
"1","forte_2019_B01W_NS.CSV",7.65186161392105,4.0637771614476,16.5142848179031,8.64016283735753,40,7.175,6.90931345080654,5.99096542025296,91.1,13.867075,7.27060546665972,3.5649715985767,0,0,0.933152173913044,1082.72358547036,18.5927633767437,27.1483468278784,14.5035896094151,"forte_2019_B01W_NS.CSV",4.02707032576638,3.45983817941705,4.40132007561598,95.598679924384,91.1,2340.9,10.5,0.71827181486813,13.8543956043956
=======
"1","forte_2019_B01W_NS.CSV",7.60294715566283,4.06673454246122,16.5383298388473,8.59823685674439,40,7.025,6.90532109872725,6.01914680043012,91.05,13.817075,7.27060546665972,3.62868263893883,0,0,0.932608695652174,1088.768557988,18.6388687649534,27.2279475750715,14.5035896094151,"forte_2019_B01W_NS.CSV",3.97707032576638,3.45983817941705,4.40132007561598,95.598679924384,91.05,2340.9,10.45,0.715573666692142,14.054844606947
>>>>>>> 008fafd7570f4d03bc81e39fa9df4a92a032c475
