"","plot","mean.height","height.2","mean.height.var","mean.height.rms","transect.length","mode.el","max.el","mode.2","max.can.ht","mean.max.ht","mean.vai","mean.peak.vai","deep.gaps","deep.gap.fraction","porosity","std.std","mean.std","rugosity","top.rugosity","plot","mean.return.ht","sd.return.ht","sky.fraction","cover.fraction","max.ht","scan.density","rumple","clumping.index","enl"
"1","forte_2019_B04W_EW.CSV",9.06577708449389,4.9029669239187,24.0390846570408,10.2774715609604,40,8.75,7.99249918773635,7.12075334533701,94.1,20.9214,7.30036308271071,3.51916272778199,0,0,0.917631578947368,15062.765250308,48.9674339640329,112.538685176637,18.7623731916998,"forte_2019_B04W_EW.CSV",5.42679812681086,4.18232876311855,1.30870207078163,98.6912979292184,94.1,1879.85,11.875,0.779865769785972,18.9165862135547
