"","plot","mean.height","height.2","mean.height.var","mean.height.rms","transect.length","mode.el","max.el","mode.2","max.can.ht","mean.max.ht","mean.vai","mean.peak.vai","deep.gaps","deep.gap.fraction","porosity","std.std","mean.std","rugosity","top.rugosity","plot","mean.return.ht","sd.return.ht","sky.fraction","cover.fraction","max.ht","scan.density","rumple","clumping.index","enl"
"1","forte_2019_A01E_EW.CSV",13.4477034292887,7.80176904708453,60.8676002640462,15.4979559226224,40,11.75,6.87156959448387,8.45728331236698,208.1,28.995775,5.23962593019678,2.3060446374257,1,0.025,0.957057416267943,253350.296101393,108.050025267379,491.605012323015,32.9380379823626,"forte_2019_A01E_EW.CSV",10.3435527709476,8.26694832618865,23.2899569258672,76.7100430741328,208.1,2757,21.95,0.829672847630201,26.6668735774881
