"","plot","mean.height","height.2","mean.height.var","mean.height.rms","transect.length","mode.el","max.el","mode.2","max.can.ht","mean.max.ht","mean.vai","mean.peak.vai","deep.gaps","deep.gap.fraction","porosity","std.std","mean.std","rugosity","top.rugosity","plot","mean.return.ht","sd.return.ht","sky.fraction","cover.fraction","max.ht","scan.density","rumple","clumping.index","enl"
<<<<<<< HEAD
"1","forte_2019_A01W_EW.CSV",10.5015736771362,6.16518099407615,38.0094566897178,12.1384624219377,40,10.35,7.80333753989818,8.39581702931547,75.1,22.012975,7.23131161926965,3.50543535042385,0,0,0.896052631578947,7593.80420699943,46.6256595601833,73.6196446444651,17.3451709048169,"forte_2019_A01W_EW.CSV",5.96656210663173,5.69175931211417,5.57911574874914,94.4208842512509,75.1,2688.275,14.6,0.820545908570232,21.9367311072056
=======
"1","forte_2019_A01W_EW.CSV",10.4441726234246,6.15441936167793,37.8768776793962,12.083488632233,40,10.35,7.7686030819488,8.87101300838139,75.05,21.962975,7.23131161926965,3.56648138969117,0,0,0.899013157894737,7630.3589844591,46.6757429258334,73.8358585429912,17.3451709048169,"forte_2019_A01W_EW.CSV",5.91656210663173,5.69175931211417,5.57911574874914,94.4208842512509,75.05,2688.275,14.6,0.821932615739669,21.5131248573385
>>>>>>> 008fafd7570f4d03bc81e39fa9df4a92a032c475
