"","plot","mean.height","height.2","mean.height.var","mean.height.rms","transect.length","mode.el","max.el","mode.2","max.can.ht","mean.max.ht","mean.vai","mean.peak.vai","deep.gaps","deep.gap.fraction","porosity","std.std","mean.std","rugosity","top.rugosity","plot","mean.return.ht","sd.return.ht","sky.fraction","cover.fraction","max.ht","scan.density","rumple","clumping.index","enl"
"1","forte_2019_B04W_EW.CSV",9.00711296086657,4.9033059634616,24.0424093713181,10.2259196665555,40,8.725,7.89857362824629,7.1359957887765,94.05,20.8714,7.30036308271071,3.55119370674085,0,0,0.916578947368421,15122.2721516365,49.0003418492487,112.788468605143,18.7623731916998,"forte_2019_B04W_EW.CSV",5.37679812681086,4.18232876311855,1.30870207078163,98.6912979292184,94.05,1879.85,11.925,0.775975391521971,19.0212000757146
