"","plot","mean.height","height.2","mean.height.var","mean.height.rms","transect.length","mode.el","max.el","mode.2","max.can.ht","mean.max.ht","mean.vai","mean.peak.vai","deep.gaps","deep.gap.fraction","porosity","std.std","mean.std","rugosity","top.rugosity","plot","mean.return.ht","sd.return.ht","sky.fraction","cover.fraction","max.ht","scan.density","rumple","clumping.index","enl"
"1","forte_2019_A02W_S.CSV",14.2813496971785,5.54712413314425,30.7705861485114,15.2705273652938,20,14.5,7.55810037083115,9.81137900066738,70.1,26.222,6.71861299358171,2.62552625005703,0,0,0.823239436619718,2443.85259126497,38.3013450613067,31.2547525627654,14.7896736699346,"forte_2019_A02W_S.CSV",8.82793120460463,6.32621116698469,5.61201862665386,94.3879813733461,70.1,2705.95,14.15,0.804745093906881,27.988005330964
