sep=,
Plot,Plot_Radius,Nr,Tree_Spc,Tree_Dia,Tree_Hgt,Tree_PosTex1,Tree_PosTex2,Tree_PosTex3,Tree_Local_x,Tree_Local_y,Tree_Local_Dist,Tree_Local_Angle,Tree_Angle_ToPlotCenter,Latitude,Longitude,Tree_Nr
113, 18.00,Plot,0,,0,0,0,0,0,0,0,0,0,45.5636543,-84.7281383
113, 18.00,02794,   1, 109,   0, 232, 158, 202,1.49,0.73,1.66,63.90,-1,45.5636604,-84.7281190,2794
113, 18.00,02795,   1, 245,   0, 231, 155, 212,1.41,0.74,1.59,62.31,-1,45.5636605,-84.7281200,2795
113, 18.00,02780,   1,  97,   0,1044,1072,1008,-5.66,8.72,10.40,327.02,-35,45.5637342,-84.7282076,2780
113, 18.00,02803,   1, 155,   0, 824, 822, 892,0.24,-8.40,8.40,178.37,-4,45.5635786,-84.7281383,2803
