"","plot","mean.height","height.2","mean.height.var","mean.height.rms","transect.length","mode.el","max.el","mode.2","max.can.ht","mean.max.ht","mean.vai","mean.peak.vai","deep.gaps","deep.gap.fraction","porosity","std.std","mean.std","rugosity","top.rugosity","plot","mean.return.ht","sd.return.ht","sky.fraction","cover.fraction","max.ht","scan.density","rumple","clumping.index","enl"
"1","2019_forte_D03W_EW.CSV",9.52498534071058,3.43570246668882,11.8040514396116,10.1110976602134,40,10.125,7.19912611464971,4.83675829137975,64.05,14.31365,6.20757884730824,3.19302059946055,1,0.025,0.898846153846154,226.131561856177,10.823104940743,10.4399215178009,9.7649867502897,"2019_forte_D03W_EW.CSV",6.6372265598439,4.04242289393746,12.9005677794801,87.0994322205199,64.05,1941.9,7.95,0.822240989011133,16.6391628578302
