"","plot","mean.height","height.2","mean.height.var","mean.height.rms","transect.length","mode.el","max.el","mode.2","max.can.ht","mean.max.ht","mean.vai","mean.peak.vai","deep.gaps","deep.gap.fraction","porosity","std.std","mean.std","rugosity","top.rugosity","plot","mean.return.ht","sd.return.ht","sky.fraction","cover.fraction","max.ht","scan.density","rumple","clumping.index","enl"
"1","defcan_70_80w_post2.CSV",7.40850806274052,2.80211308433818,7.85183773741921,7.87100029725375,10,8.2,7.00529485242621,5.32916503778969,19.868,13.3148,5.76102523361893,3.19004369028132,0,0,0.647619047619048,281.490551774624,12.1752321926317,11.5435814559489,5.74775838044711,"defcan_70_80w_post2.CSV",4.51292230411172,3.69531126097182,8.84339309076765,91.1566069092324,19.868,2828.3,4.9,0.881134631296074,15.6457142857143
