"","plot","mean.height","height.2","mean.height.var","mean.height.rms","transect.length","mode.el","max.el","mode.2","max.can.ht","mean.max.ht","mean.vai","mean.peak.vai","deep.gaps","deep.gap.fraction","porosity","std.std","mean.std","rugosity","top.rugosity","plot","mean.return.ht","sd.return.ht","sky.fraction","cover.fraction","max.ht","scan.density","rumple","clumping.index","enl"
"1","defcan_70_80w_post5.CSV",6.62092963396351,4.30736226399868,18.5533696733198,7.78040756798023,10,5.7,6.58145679699785,4.27005074130663,19.721,13.6568,6.14015182109952,3.0235876953976,0,0,0.633333333333333,141.49900711624,8.63581273234618,8.18057122504827,4.74261797838376,"defcan_70_80w_post5.CSV",4.25117405312768,3.4516772369982,7.87520919511194,92.1247908048881,19.721,3167.1,4.5,0.822053893079789,14.859649122807
