"","plot","mean.height","height.2","mean.height.var","mean.height.rms","transect.length","mode.el","max.el","mode.2","max.can.ht","mean.max.ht","mean.vai","mean.peak.vai","deep.gaps","deep.gap.fraction","porosity","std.std","mean.std","rugosity","top.rugosity","plot","mean.return.ht","sd.return.ht","sky.fraction","cover.fraction","max.ht","scan.density","rumple","clumping.index","enl"
"1","forte2019_d02w_EW.CSV",8.36330340357981,3.87409256868727,15.0085932307579,9.19664189910201,40,6.875,5.81965965441719,4.36881430842952,68.05,16.49425,4.28164602987006,2.20872012500825,0,0,0.875,162.04528374075,9.91481382095758,7.98384309944142,9.47917816612433,"forte2019_d02w_EW.CSV",6.97416634434106,4.63005040751807,18.8945229263673,81.1054770736327,68.05,2534.325,5.875,0.790771711334471,18.6355096289338
